File,Function,Dependencies
spn.jl,_reset_counter!,None
nodes_types.jl,ProductNode,None
nodes_types.jl,SumNode,None
nodes_types.jl,DistributionNode,None
nodes_types.jl,IndicatorNode,None
general_methods.jl,addchildren!,None
general_methods.jl,scope,None
general_methods.jl,variablenames,filter_by_type
general_methods.jl,descendants,None
general_methods.jl,filter_by_id,None
general_methods.jl,filter_by_type,None
general_methods.jl,topologicalorder,filter_by_type
general_methods.jl,normalize!,topologicalorder
general_methods.jl,isnormalized,filter_by_type
general_methods.jl,sample,isnormalized|variablenames|sample!
general_methods.jl,getparameters,filter_by_type|tologspace
general_methods.jl,ascendants,None
sum_nodes_methods.jl,pdf,pdf(other nodes)
sum_nodes_methods.jl,setweights!,None
sum_nodes_methods.jl,iscomplete,filter_by_type|scope
sum_nodes_methods.jl,sample!,sample!(other nodes)
sum_nodes_methods.jl,logpdf,logpdf(other nodes)
sum_nodes_methods.jl,logpdf!,logpdf!(other nodes)
sum_nodes_methods.jl,_local_partial_deriv!,logpdf!(in the argument logpdfmem)
product_nodes_methods.jl,pdf,pdf(other nodes)
product_nodes_methods.jl,sample!,sample!(other nodes)
product_nodes_methods.jl,logpdf,logpdf(other nodes)
product_nodes_methods.jl,logpdf!,logpdf!(other nodes)
product_nodes_methods.jl,_local_partial_deriv!,logpdf!(in the argument logpdfmem)
leaf_nodes_methods.jl,pdf,topositivespace
leaf_nodes_methods.jl,sample!,None
leaf_nodes_methods.jl,tologspace,None
leaf_nodes_methods.jl,topositivespace,None
leaf_nodes_methods.jl,logpdf,None
leaf_nodes_methods.jl,logpdf!,None
utilities.jl,_dotstring_labels,descendants
utilities.jl,_dotstring_edges!,_dotstring_edges!
utilities.jl,dotfile,_dotstring_labels|_dotstring_edges!
utilities.jl,createnamedtuples,None
structure_learning.jl,disconnect!,None
structure_learning.jl,delete!,disconnect!
structure_learning.jl,_register_copy!,descendants
structure_learning.jl,copysubspn,disconnect!|descendants|_register_copy!
structure_learning.jl,reachable_x,variablenames
structure_learning.jl,dismiss!,reachable_x|descendants|reachable_x|disconnect!
structure_learning.jl,shortwire!,filter_by_type|addchildren!|delete!
structure_learning.jl,getchainproduct,None
structure_learning.jl,reducechain!,addchildren!|disconnect!
structure_learning.jl,collapseproducts!,filter_by_type|getchainproduct
selective_spn.jl,_getcalctree,None
selective_spn.jl,getcalctrees,_getcalctree
selective_spn.jl,selective_mle!,filter_by_type|setweights!
examples.jl,normalmixture,SumNode|DistributionNode|addchildren!
examples.jl,naivebayesmixture,SumNode|ProductNode|IndicatorNode|addchildren!
examples.jl,independent,SumNode|ProductNode|IndicatorNode|addchildren!
examples.jl,example1,SumNode|ProductNode|IndicatorNode|addchildren!
examples.jl,chainproducts,SumNode|ProductNode|IndicatorNode|addchildren!
examples.jl,regularselective,SumNode|ProductNode|IndicatorNode|addchildren!
evo_learn.jl,initializepopulation,normalmixture
evo_learn.jl,createmixture,normalmixture|normalize!
evo_learn.jl,loglike,createnamedtuples|pdf
evo_learn.jl,tologspace,None
evo_learn.jl,toposspace,None
evo_learn.jl,differentialevolution,initializepopulation|getparameters|tologspace|toposspace|createmixture
parameter_learning.jl,_partial_deriv!,logpdf!(in the argument logpdfmem)|_local_partial_deriv!
parameter_learning.jl,nodesderivatives,_partial_deriv!|logpdf!(in the argument logpdfmem)
